geoid,STATE_FIPS,CD,Geographic Name,Geographic Subtype,Total,RANKD,RANKR,RANKI,Democratic,Republican,Independent,Libertarian,Green,Constitution,CA Democratic,CA Republican,Unity,Write-ins,Independent American,Conservative,Working Families,Working Class,State1,State2,State3,State4,State5,State6,State7,State8
101,1,1,District 1,Congressional District,167226,0,1,0,0,139854,0,26197,0,0,0,0,0,1175,0,0,0,0,0,0,0,0,0,0,0,0
102,1,2,District 2,Congressional District,198464,2,1,0,57800,137193,0,3380,0,0,0,0,0,91,0,0,0,0,0,0,0,0,0,0,0,0
103,1,3,District 3,Congressional District,190071,2,1,3,47770,135448,3826,3027,0,0,0,0,0,0,0,0,0,0,0,0,0,0,0,0,0,0
104,1,4,District 4,Congressional District,195373,2,1,0,26628,164371,0,4294,0,0,0,0,0,80,0,0,0,0,0,0,0,0,0,0,0,0
105,1,5,District 5,Congressional District,211562,2,1,0,62466,141988,0,6740,0,0,0,0,0,368,0,0,0,0,0,0,0,0,0,0,0,0
106,1,6,District 6,Congressional District,183985,0,1,0,0,154058,0,27792,0,0,0,0,0,2135,0,0,0,0,0,0,0,0,0,0,0,0
107,1,7,District 7,Congressional District,193699,1,2,0,123060,67353,0,3207,0,0,0,0,0,79,0,0,0,0,0,0,0,0,0,0,0,0
201,2,1,At Large,Congressional District,261626,1,2,0,127364,67485,0,4521,0,0,0,61179,0,1077,0,0,0,0,0,0,0,0,0,0,0,0
401,4,1,District 1,Congressional District,360217,2,1,0,178544,181673,0,0,0,0,0,0,0,0,0,0,0,0,0,0,0,0,0,0,0,0
402,4,2,District 2,Congressional District,322907,2,1,0,148862,174045,0,0,0,0,0,0,0,0,0,0,0,0,0,0,0,0,0,0,0,0
403,4,3,District 3,Congressional District,140374,1,2,0,108055,32319,0,0,0,0,0,0,0,0,0,0,0,0,0,0,0,0,0,0,0,0
404,4,4,District 4,Congressional District,264188,1,2,0,148302,115886,0,0,0,0,0,0,0,0,0,0,0,0,0,0,0,0,0,0,0,0
405,4,5,District 5,Congressional District,320609,2,1,3,119872,181961,18776,0,0,0,0,0,0,0,0,0,0,0,0,0,0,0,0,0,0,0
406,4,6,District 6,Congressional District,348301,2,1,0,171592,176709,0,0,0,0,0,0,0,0,0,0,0,0,0,0,0,0,0,0,0,0
407,4,7,District 7,Congressional District,195113,1,2,0,125959,69154,0,0,0,0,0,0,0,0,0,0,0,0,0,0,0,0,0,0,0,0
408,4,8,District 8,Congressional District,196943,0,1,0,0,196943,0,0,0,0,0,0,0,0,0,0,0,0,0,0,0,0,0,0,0,0
409,4,9,District 9,Congressional District,192453,0,1,0,0,192453,0,0,0,0,0,0,0,0,0,0,0,0,0,0,0,0,0,0,0,0
501,5,1,District 1,Congressional District,202960,2,1,0,51997,150963,0,0,0,0,0,0,0,0,0,0,0,0,0,0,0,0,0,0,0,0
502,5,2,District 2,Congressional District,245817,2,1,0,86553,147700,0,11564,0,0,0,0,0,0,0,0,0,0,0,0,0,0,0,0,0,0
503,5,3,District 3,Congressional District,222859,2,1,0,73248,141985,0,7626,0,0,0,0,0,0,0,0,0,0,0,0,0,0,0,0,0,0
504,5,4,District 4,Congressional District,216402,2,1,0,56644,153671,0,6087,0,0,0,0,0,0,0,0,0,0,0,0,0,0,0,0,0,0
601,6,1,District 1,Congressional District,241364,2,1,0,91605,149759,0,0,0,0,0,0,0,0,0,0,0,0,0,0,0,0,0,0,0,0
602,6,2,District 2,Congressional District,266640,1,2,0,200519,66121,0,0,0,0,0,0,0,0,0,0,0,0,0,0,0,0,0,0,0,0
603,6,3,District 3,Congressional District,237013,2,1,0,113469,123544,0,0,0,0,0,0,0,0,0,0,0,0,0,0,0,0,0,0,0,0
604,6,4,District 4,Congressional District,190925,1,2,0,138262,52663,0,0,0,0,0,0,0,0,0,0,0,0,0,0,0,0,0,0,0,0
605,6,5,District 5,Congressional District,271849,2,1,0,105111,166738,0,0,0,0,0,0,0,0,0,0,0,0,0,0,0,0,0,0,0,0
606,6,6,District 6,Congressional District,156319,1,2,0,87545,68774,0,0,0,0,0,0,0,0,0,0,0,0,0,0,0,0,0,0,0,0
607,6,7,District 7,Congressional District,156949,1,2,0,108414,48535,0,0,0,0,0,0,0,0,0,0,0,0,0,0,0,0,0,0,0,0
608,6,8,District 8,Congressional District,190686,1,2,0,144329,46357,0,0,0,0,0,0,0,0,0,0,0,0,0,0,0,0,0,0,0,0
609,6,9,District 9,Congressional District,135284,1,2,0,75722,59562,0,0,0,0,0,0,0,0,0,0,0,0,0,0,0,0,0,0,0,0
610,6,10,District 10,Congressional District,248799,1,0,0,196477,0,0,0,52322,0,0,0,0,0,0,0,0,0,0,0,0,0,0,0,0,0
611,6,11,District 11,Congressional District,262418,1,2,0,220292,42126,0,0,0,0,0,0,0,0,0,0,0,0,0,0,0,0,0,0,0,0
612,6,12,District 12,Congressional District,237648,1,2,0,215207,22441,0,0,0,0,0,0,0,0,0,0,0,0,0,0,0,0,0,0,0,0
613,6,13,District 13,Congressional District,126213,2,1,0,62674,63539,0,0,0,0,0,0,0,0,0,0,0,0,0,0,0,0,0,0,0,0
614,6,14,District 14,Congressional District,197391,1,2,0,136889,60502,0,0,0,0,0,0,0,0,0,0,0,0,0,0,0,0,0,0,0,0
615,6,15,District 15,Congressional District,194010,1,0,0,107634,0,0,0,0,0,86376,0,0,0,0,0,0,0,0,0,0,0,0,0,0,0
616,6,16,District 16,Congressional District,240094,1,0,0,138720,0,0,0,0,0,101374,0,0,0,0,0,0,0,0,0,0,0,0,0,0,0
617,6,17,District 17,Congressional District,179639,1,2,0,127413,52226,0,0,0,0,0,0,0,0,0,0,0,0,0,0,0,0,0,0,0,0
618,6,18,District 18,Congressional District,150561,1,2,0,99114,51447,0,0,0,0,0,0,0,0,0,0,0,0,0,0,0,0,0,0,0,0
619,6,19,District 19,Congressional District,270458,1,2,0,188213,82245,0,0,0,0,0,0,0,0,0,0,0,0,0,0,0,0,0,0,0,0
620,6,20,District 20,Congressional District,195012,2,1,0,62766,132246,0,0,0,0,0,0,0,0,0,0,0,0,0,0,0,0,0,0,0,0
621,6,21,District 21,Congressional District,122640,1,2,0,66323,56317,0,0,0,0,0,0,0,0,0,0,0,0,0,0,0,0,0,0,0,0
622,6,22,District 22,Congressional District,85177,2,1,0,40315,44862,0,0,0,0,0,0,0,0,0,0,0,0,0,0,0,0,0,0,0,0
623,6,23,District 23,Congressional District,163760,2,1,0,63642,100118,0,0,0,0,0,0,0,0,0,0,0,0,0,0,0,0,0,0,0,0
624,6,24,District 24,Congressional District,235008,1,2,0,143453,91555,0,0,0,0,0,0,0,0,0,0,0,0,0,0,0,0,0,0,0,0
625,6,25,District 25,Congressional District,147827,1,2,0,84859,62968,0,0,0,0,0,0,0,0,0,0,0,0,0,0,0,0,0,0,0,0
626,6,26,District 26,Congressional District,218889,1,2,0,118439,100450,0,0,0,0,0,0,0,0,0,0,0,0,0,0,0,0,0,0,0,0
627,6,27,District 27,Congressional District,195359,2,1,0,91301,104058,0,0,0,0,0,0,0,0,0,0,0,0,0,0,0,0,0,0,0,0
628,6,28,District 28,Congressional District,224816,1,2,0,149081,75735,0,0,0,0,0,0,0,0,0,0,0,0,0,0,0,0,0,0,0,0
629,6,29,District 29,Congressional District,118473,1,0,0,69405,0,0,0,0,0,49068,0,0,0,0,0,0,0,0,0,0,0,0,0,0,0
630,6,30,District 30,Congressional District,209854,1,0,0,149298,0,0,0,0,0,60556,0,0,0,0,0,0,0,0,0,0,0,0,0,0,0
631,6,31,District 31,Congressional District,152677,1,2,0,90873,61804,0,0,0,0,0,0,0,0,0,0,0,0,0,0,0,0,0,0,0,0
632,6,32,District 32,Congressional District,240495,1,2,0,166383,74112,0,0,0,0,0,0,0,0,0,0,0,0,0,0,0,0,0,0,0,0
633,6,33,District 33,Congressional District,129120,1,2,0,74483,54637,0,0,0,0,0,0,0,0,0,0,0,0,0,0,0,0,0,0,0,0
634,6,34,District 34,Congressional District,120468,1,0,0,61770,0,0,0,0,0,58698,0,0,0,0,0,0,0,0,0,0,0,0,0,0,0
635,6,35,District 35,Congressional District,127650,1,2,0,73255,54395,0,0,0,0,0,0,0,0,0,0,0,0,0,0,0,0,0,0,0,0
636,6,36,District 36,Congressional District,276954,1,2,0,193105,83849,0,0,0,0,0,0,0,0,0,0,0,0,0,0,0,0,0,0,0,0
637,6,37,District 37,Congressional District,131044,1,0,0,83818,0,0,0,0,0,47226,0,0,0,0,0,0,0,0,0,0,0,0,0,0,0
638,6,38,District 38,Congressional District,172972,1,2,0,100480,72492,0,0,0,0,0,0,0,0,0,0,0,0,0,0,0,0,0,0,0,0
639,6,39,District 39,Congressional District,128309,1,2,0,73903,54406,0,0,0,0,0,0,0,0,0,0,0,0,0,0,0,0,0,0,0,0
640,6,40,District 40,Congressional District,279450,2,1,0,120322,159128,0,0,0,0,0,0,0,0,0,0,0,0,0,0,0,0,0,0,0,0
641,6,41,District 41,Congressional District,230346,2,1,0,109991,120355,0,0,0,0,0,0,0,0,0,0,0,0,0,0,0,0,0,0,0,0
642,6,42,District 42,Congressional District,144296,1,2,0,98627,45669,0,0,0,0,0,0,0,0,0,0,0,0,0,0,0,0,0,0,0,0
643,6,43,District 43,Congressional District,122524,1,2,0,94729,27795,0,0,0,0,0,0,0,0,0,0,0,0,0,0,0,0,0,0,0,0
644,6,44,District 44,Congressional District,137872,1,2,0,99556,38316,0,0,0,0,0,0,0,0,0,0,0,0,0,0,0,0,0,0,0,0
645,6,45,District 45,Congressional District,213601,2,1,0,101541,112060,0,0,0,0,0,0,0,0,0,0,0,0,0,0,0,0,0,0,0,0
646,6,46,District 46,Congressional District,123524,1,2,0,76147,47377,0,0,0,0,0,0,0,0,0,0,0,0,0,0,0,0,0,0,0,0
647,6,47,District 47,Congressional District,260115,1,2,0,134258,125857,0,0,0,0,0,0,0,0,0,0,0,0,0,0,0,0,0,0,0,0
648,6,48,District 48,Congressional District,254168,2,1,0,100743,153425,0,0,0,0,0,0,0,0,0,0,0,0,0,0,0,0,0,0,0,0
649,6,49,District 49,Congressional District,288832,1,2,0,151950,136882,0,0,0,0,0,0,0,0,0,0,0,0,0,0,0,0,0,0,0,0
650,6,50,District 50,Congressional District,267052,1,2,0,167729,99323,0,0,0,0,0,0,0,0,0,0,0,0,0,0,0,0,0,0,0,0
651,6,51,District 51,Congressional District,231802,1,2,0,143354,88448,0,0,0,0,0,0,0,0,0,0,0,0,0,0,0,0,0,0,0,0
652,6,52,District 52,Congressional District,149745,1,2,0,99759,49986,0,0,0,0,0,0,0,0,0,0,0,0,0,0,0,0,0,0,0,0
801,8,1,District 1,Congressional District,282615,1,2,0,226929,49529,0,6157,0,0,0,0,0,0,0,0,0,0,0,0,0,0,0,0,0,0
802,8,2,District 2,Congressional District,348839,1,2,0,244107,97700,0,0,0,2188,0,0,1968,0,0,0,0,0,2876,0,0,0,0,0,0,0
803,8,3,District 3,Congressional District,327110,2,1,0,163278,163832,0,0,0,0,0,0,0,0,0,0,0,0,0,0,0,0,0,0,0,0
804,8,4,District 4,Congressional District,354503,2,1,0,129618,216015,0,0,0,8870,0,0,0,0,0,0,0,0,0,0,0,0,0,0,0,0
805,8,5,District 5,Congressional District,277955,2,1,0,111978,155528,0,7079,0,3370,0,0,0,0,0,0,0,0,0,0,0,0,0,0,0,0
806,8,6,District 6,Congressional District,280755,1,2,0,170140,105084,0,5531,0,0,0,0,0,0,0,0,0,0,0,0,0,0,0,0,0,0
807,8,7,District 7,Congressional District,363508,1,2,0,204984,150509,0,6187,0,0,0,0,1828,0,0,0,0,0,0,0,0,0,0,0,0,0
808,8,8,District 8,Congressional District,236426,1,2,0,114385,112760,0,9281,0,0,0,0,0,0,0,0,0,0,0,0,0,0,0,0,0,0
901,9,1,District 1,Congressional District,243773,1,2,0,149438,91486,0,0,2849,0,0,0,0,0,0,0,0,0,0,0,0,0,0,0,0,0
902,9,2,District 2,Congressional District,282780,1,2,0,164506,113724,0,2117,2433,0,0,0,0,0,0,0,0,0,0,0,0,0,0,0,0,0
903,9,3,District 3,Congressional District,242651,1,2,3,137924,98704,4056,0,1967,0,0,0,0,0,0,0,0,0,0,0,0,0,0,0,0,0
904,9,4,District 4,Congressional District,236084,1,2,0,140262,95822,0,0,0,0,0,0,0,0,0,0,0,0,0,0,0,0,0,0,0,0
905,9,5,District 5,Congressional District,253612,1,2,0,127819,125793,0,0,0,0,0,0,0,0,0,0,0,0,0,0,0,0,0,0,0,0
1001,10,1,At Large,Congressional District,321649,1,2,4,178416,138201,1958,3074,0,0,0,0,0,0,0,0,0,0,0,0,0,0,0,0,0,0
1201,12,1,District 1,Congressional District,290736,2,1,0,93416,197320,0,0,0,0,0,0,0,0,0,0,0,0,0,0,0,0,0,0,0,0
1202,12,2,District 2,Congressional District,301340,2,1,0,121120,180220,0,0,0,0,0,0,0,0,0,0,0,0,0,0,0,0,0,0,0,0
1203,12,3,District 3,Congressional District,284843,2,1,3,103342,178091,3410,0,0,0,0,0,0,0,0,0,0,0,0,0,0,0,0,0,0,0
1204,12,4,District 4,Congressional District,274041,2,1,0,108358,165678,0,0,0,0,0,0,0,0,0,0,0,0,5,0,0,0,0,0,0,0
1205,12,5,District 5,Congressional District,0,0,0,0,0,0,0,0,0,0,0,0,0,0,0,0,0,0,0,0,0,0,0,0,0,0
1206,12,6,District 6,Congressional District,300725,0,1,0,0,226536,0,74189,0,0,0,0,0,0,0,0,0,0,0,0,0,0,0,0,0,0
1207,12,7,District 7,Congressional District,304009,2,1,0,126052,177957,0,0,0,0,0,0,0,0,0,0,0,0,0,0,0,0,0,0,0,0
1208,12,8,District 8,Congressional District,342169,2,1,0,120050,222119,0,0,0,0,0,0,0,0,0,0,0,0,0,0,0,0,0,0,0,0
1209,12,9,District 9,Congressional District,202337,1,2,0,108522,93815,0,0,0,0,0,0,0,0,0,0,0,0,0,0,0,0,0,0,0,0
1210,12,10,District 10,Congressional District,199878,1,2,3,117929,78838,2001,0,0,0,0,0,0,0,0,0,0,0,1110,0,0,0,0,0,0,0
1211,12,11,District 11,Congressional District,326585,2,1,3,115629,205989,4967,0,0,0,0,0,0,0,0,0,0,0,0,0,0,0,0,0,0,0
1212,12,12,District 12,Congressional District,321951,2,1,0,95368,226579,0,0,0,0,0,0,0,0,0,0,0,0,4,0,0,0,0,0,0,0
1213,12,13,District 13,Congressional District,341490,2,1,0,153839,181473,0,6158,0,0,0,0,0,0,0,0,0,0,3,17,0,0,0,0,0,0
1214,12,14,District 14,Congressional District,263097,1,2,0,149689,113408,0,0,0,0,0,0,0,0,0,0,0,0,0,0,0,0,0,0,0,0
1215,12,15,District 15,Congressional District,248027,2,1,0,102816,145211,0,0,0,0,0,0,0,0,0,0,0,0,0,0,0,0,0,0,0,0
1216,12,16,District 16,Congressional District,305281,2,1,0,115537,189738,0,0,0,0,0,0,0,0,0,0,0,0,6,0,0,0,0,0,0,0
1217,12,17,District 17,Congressional District,348596,2,1,3,123778,222592,2226,0,0,0,0,0,0,0,0,0,0,0,0,0,0,0,0,0,0,0
1218,12,18,District 18,Congressional District,224176,0,1,2,0,167396,56622,0,0,0,0,0,0,0,0,0,0,0,158,0,0,0,0,0,0,0
1219,12,19,District 19,Congressional District,313243,2,1,0,100198,213032,0,0,0,0,0,0,0,0,0,0,0,0,13,0,0,0,0,0,0,0
1220,12,20,District 20,Congressional District,188342,1,2,0,136192,52150,0,0,0,0,0,0,0,0,0,0,0,0,0,0,0,0,0,0,0,0
1221,12,21,District 21,Congressional District,328451,2,1,0,119859,208592,0,0,0,0,0,0,0,0,0,0,0,0,0,0,0,0,0,0,0,0
1222,12,22,District 22,Congressional District,272164,1,2,0,149977,122187,0,0,0,0,0,0,0,0,0,0,0,0,0,0,0,0,0,0,0,0
1223,12,23,District 23,Congressional District,278983,1,2,4,143897,130669,1338,0,0,0,0,0,0,0,0,0,0,0,3079,0,0,0,0,0,0,0
1224,12,24,District 24,Congressional District,185858,1,2,0,133416,52442,0,0,0,0,0,0,0,0,0,0,0,0,0,0,0,0,0,0,0,0
1225,12,25,District 25,Congressional District,234312,1,2,0,129085,105227,0,0,0,0,0,0,0,0,0,0,0,0,0,0,0,0,0,0,0,0
1226,12,26,District 26,Congressional District,202064,2,1,0,58838,143226,0,0,0,0,0,0,0,0,0,0,0,0,0,0,0,0,0,0,0,0
1227,12,27,District 27,Congressional District,237401,2,1,0,101370,136031,0,0,0,0,0,0,0,0,0,0,0,0,0,0,0,0,0,0,0,0
1228,12,28,District 28,Congressional District,211131,2,1,0,76647,134456,0,0,0,0,0,0,0,0,0,0,0,0,28,0,0,0,0,0,0,0
1301,13,1,District 1,Congressional District,263965,2,1,0,107837,156128,0,0,0,0,0,0,0,0,0,0,0,0,0,0,0,0,0,0,0,0
1302,13,2,District 2,Congressional District,241340,1,2,0,132675,108665,0,0,0,0,0,0,0,0,0,0,0,0,0,0,0,0,0,0,0,0
1303,13,3,District 3,Congressional District,310581,2,1,0,97057,213524,0,0,0,0,0,0,0,0,0,0,0,0,0,0,0,0,0,0,0,0
1304,13,4,District 4,Congressional District,275597,1,2,0,216306,59291,0,0,0,0,0,0,0,0,0,0,0,0,0,0,0,0,0,0,0,0
1305,13,5,District 5,Congressional District,295456,1,2,0,243687,51769,0,0,0,0,0,0,0,0,0,0,0,0,0,0,0,0,0,0,0,0
1306,13,6,District 6,Congressional District,332498,2,1,0,125612,206886,0,0,0,0,0,0,0,0,0,0,0,0,0,0,0,0,0,0,0,0
1307,13,7,District 7,Congressional District,234325,1,2,0,143063,91262,0,0,0,0,0,0,0,0,0,0,0,0,0,0,0,0,0,0,0,0
1308,13,8,District 8,Congressional District,260586,2,1,0,81886,178700,0,0,0,0,0,0,0,0,0,0,0,0,0,0,0,0,0,0,0,0
1309,13,9,District 9,Congressional District,294134,2,1,0,81318,212816,0,0,0,0,0,0,0,0,0,0,0,0,0,0,0,0,0,0,0,0
1310,13,10,District 10,Congressional District,307605,2,1,0,109100,198505,0,0,0,0,0,0,0,0,0,0,0,0,0,0,0,0,0,0,0,0
1311,13,11,District 11,Congressional District,303657,2,1,0,113571,190086,0,0,0,0,0,0,0,0,0,0,0,0,0,0,0,0,0,0,0,0
1312,13,12,District 12,Congressional District,265195,2,1,0,107148,158047,0,0,0,0,0,0,0,0,0,0,0,0,0,0,0,0,0,0,0,0
1313,13,13,District 13,Congressional District,264616,1,2,0,216388,48228,0,0,0,0,0,0,0,0,0,0,0,0,0,0,0,0,0,0,0,0
1314,13,14,District 14,Congressional District,258351,2,1,0,88189,170162,0,0,0,0,0,0,0,0,0,0,0,0,0,0,0,0,0,0,0,0
1501,15,1,District 1,Congressional District,193575,1,2,0,142742,50833,0,0,0,0,0,0,0,0,0,0,0,0,0,0,0,0,0,0,0,0
1502,15,2,District 2,Congressional District,205558,1,2,0,127995,72455,0,5108,0,0,0,0,0,0,0,0,0,0,0,0,0,0,0,0,0,0
1601,16,1,District 1,Congressional District,312433,2,1,0,82260,222893,0,7280,0,0,0,0,0,0,0,0,0,0,0,0,0,0,0,0,0,0
1602,16,2,District 2,Congressional District,271183,2,1,0,98736,172447,0,0,0,0,0,0,0,0,0,0,0,0,0,0,0,0,0,0,0,0
1701,17,1,District 1,Congressional District,226566,1,2,0,149457,76954,0,0,0,0,0,0,0,155,0,0,0,0,0,0,0,0,0,0,0,0
1702,17,2,District 2,Congressional District,203782,1,2,0,135622,68160,0,0,0,0,0,0,0,0,0,0,0,0,0,0,0,0,0,0,0,0
1703,17,3,District 3,Congressional District,165769,1,2,0,110970,54799,0,0,0,0,0,0,0,0,0,0,0,0,0,0,0,0,0,0,0,0
1704,17,4,District 4,Congressional District,127730,1,2,0,86643,36732,0,0,0,0,0,0,0,0,0,0,0,4355,0,0,0,0,0,0,0,0
1705,17,5,District 5,Congressional District,250232,1,2,3,169570,76584,4078,0,0,0,0,0,0,0,0,0,0,0,0,0,0,0,0,0,0,0
1706,17,6,District 6,Congressional District,271587,1,2,0,146517,125070,0,0,0,0,0,0,0,0,0,0,0,0,0,0,0,0,0,0,0,0
1707,17,7,District 7,Congressional District,153452,1,0,0,153452,0,0,0,0,0,0,0,0,0,0,0,0,0,0,0,0,0,0,0,0,0
1708,17,8,District 8,Congressional District,203404,1,2,0,114881,88523,0,0,0,0,0,0,0,0,0,0,0,0,0,0,0,0,0,0,0,0
1709,17,9,District 9,Congressional District,232884,1,2,0,164409,68475,0,0,0,0,0,0,0,0,0,0,0,0,0,0,0,0,0,0,0,0
1710,17,10,District 10,Congressional District,230593,1,2,0,143328,87265,0,0,0,0,0,0,0,0,0,0,0,0,0,0,0,0,0,0,0,0
1711,17,11,District 11,Congressional District,257190,1,2,0,143935,113223,0,0,0,0,0,0,0,32,0,0,0,0,0,0,0,0,0,0,0,0
1712,17,12,District 12,Congressional District,231173,2,1,0,60076,171020,0,0,0,0,0,0,0,77,0,0,0,0,0,0,0,0,0,0,0,0
1713,17,13,District 13,Congressional District,243417,1,2,0,135970,107296,0,0,0,0,0,0,0,151,0,0,0,0,0,0,0,0,0,0,0,0
1714,17,14,District 14,Congressional District,235573,1,2,0,127372,108010,0,0,0,0,0,0,0,191,0,0,0,0,0,0,0,0,0,0,0,0
1715,17,15,District 15,Congressional District,286293,2,1,0,82109,204184,0,0,0,0,0,0,0,0,0,0,0,0,0,0,0,0,0,0,0,0
1716,17,16,District 16,Congressional District,294151,2,1,0,98158,195993,0,0,0,0,0,0,0,0,0,0,0,0,0,0,0,0,0,0,0,0
1717,17,17,District 17,Congressional District,228562,1,2,0,118175,110256,0,0,0,0,0,0,0,131,0,0,0,0,0,0,0,0,0,0,0,0
1801,18,1,District 1,Congressional District,213033,1,2,0,112540,100487,0,0,0,0,0,0,0,0,0,0,0,0,6,0,0,0,0,0,0,0
1802,18,2,District 2,Congressional District,193793,2,1,0,62718,125205,0,5863,0,0,0,0,0,0,0,0,0,0,7,0,0,0,0,0,0,0
1803,18,3,District 3,Congressional District,200918,2,1,3,60312,131252,9354,0,0,0,0,0,0,0,0,0,0,0,0,0,0,0,0,0,0,0
1804,18,4,District 4,Congressional District,197110,2,1,0,62668,134442,0,0,0,0,0,0,0,0,0,0,0,0,0,0,0,0,0,0,0,0
1805,18,5,District 5,Congressional District,239869,2,1,0,93373,146496,0,0,0,0,0,0,0,0,0,0,0,0,0,0,0,0,0,0,0,0
1806,18,6,District 6,Congressional District,193342,2,1,0,62794,130548,0,0,0,0,0,0,0,0,0,0,0,0,0,0,0,0,0,0,0,0
1807,18,7,District 7,Congressional District,175173,1,2,0,117305,53628,0,4240,0,0,0,0,0,0,0,0,0,0,0,0,0,0,0,0,0,0
1808,18,8,District 8,Congressional District,215836,2,1,0,68002,141900,0,5934,0,0,0,0,0,0,0,0,0,0,0,0,0,0,0,0,0,0
1809,18,9,District 9,Congressional District,220827,2,1,0,75642,138782,0,6371,32,0,0,0,0,0,0,0,0,0,0,0,0,0,0,0,0,0
1901,19,1,District 1,Congressional District,305380,2,1,0,142173,162947,0,0,0,0,0,0,0,260,0,0,0,0,0,0,0,0,0,0,0,0
1902,19,2,District 2,Congressional District,318399,2,1,0,145940,172181,0,0,0,0,0,0,0,278,0,0,0,0,0,0,0,0,0,0,0,0
1903,19,3,District 3,Congressional District,310913,2,1,0,154117,156262,0,0,0,0,0,0,0,534,0,0,0,0,0,0,0,0,0,0,0,0
1904,19,4,District 4,Congressional District,277008,2,1,0,84230,186467,0,0,0,0,0,0,0,276,0,0,0,0,6035,0,0,0,0,0,0,0
2001,20,1,District 1,Congressional District,234984,2,1,0,75726,159258,0,0,0,0,0,0,0,0,0,0,0,0,0,0,0,0,0,0,0,0
2002,20,2,District 2,Congressional District,230345,2,1,0,97580,132765,0,0,0,0,0,0,0,0,0,0,0,0,0,0,0,0,0,0,0,0
2003,20,3,District 3,Congressional District,297019,1,2,0,163103,127116,0,6800,0,0,0,0,0,0,0,0,0,0,0,0,0,0,0,0,0,0
2004,20,4,District 4,Congressional District,225001,2,1,0,82138,142863,0,0,0,0,0,0,0,0,0,0,0,0,0,0,0,0,0,0,0,0
2101,21,1,District 1,Congressional District,245796,2,1,0,61693,184103,0,0,0,0,0,0,0,0,0,0,0,0,0,0,0,0,0,0,0,0
2102,21,2,District 2,Congressional District,237253,2,1,0,66767,170486,0,0,0,0,0,0,0,0,0,0,0,0,0,0,0,0,0,0,0,0
2103,21,3,District 3,Congressional District,259475,1,2,0,160853,98622,0,0,0,0,0,0,0,0,0,0,0,0,0,0,0,0,0,0,0,0
2104,21,4,District 4,Congressional District,257629,2,1,3,79977,167541,10111,0,0,0,0,0,0,0,0,0,0,0,0,0,0,0,0,0,0,0
2105,21,5,District 5,Congressional District,216267,2,1,0,38549,177712,0,0,0,0,0,0,0,0,0,0,0,0,6,0,0,0,0,0,0,0
2106,21,6,District 6,Congressional District,246171,2,1,0,83003,154760,0,0,0,0,0,0,0,0,0,0,0,0,8340,68,0,0,0,0,0,0
2201,22,1,District 1,Congressional District,244044,2,1,0,61467,177670,0,4907,0,0,0,0,0,0,0,0,0,0,0,0,0,0,0,0,0,0
2202,22,2,District 2,Congressional District,205047,1,2,0,158120,46927,0,0,0,0,0,0,0,0,0,0,0,0,0,0,0,0,0,0,0,0
2203,22,3,District 3,Congressional District,224552,3,1,6,23641,144423,3255,1620,0,0,21172,24474,0,0,0,0,0,0,4012,1955,0,0,0,0,0,0
2204,22,4,District 4,Congressional District,0,0,0,0,0,0,0,0,0,0,0,0,0,0,0,0,0,0,0,0,0,0,0,0,0,0
2205,22,5,District 5,Congressional District,223553,3,1,0,19383,151080,0,0,0,0,35149,5782,0,0,0,0,0,0,12159,0,0,0,0,0,0,0
2206,22,6,District 6,Congressional District,235928,0,1,0,0,189684,0,30709,0,0,0,15535,0,0,0,0,0,0,0,0,0,0,0,0,0,0
2301,23,1,District 1,Congressional District,0,0,0,0,218630,128996,0,0,0,0,0,0,0,0,0,0,0,0,0,0,0,0,0,0,0,0
2302,23,2,District 2,Congressional District,0,0,0,0,151440,140895,0,0,0,0,0,0,0,0,0,0,0,0,0,0,0,0,0,0,0,0
2401,24,1,District 1,Congressional District,293358,2,1,0,126511,159673,0,6924,0,0,0,0,0,250,0,0,0,0,0,0,0,0,0,0,0,0
2402,24,2,District 2,Congressional District,268444,1,2,0,159000,109081,0,0,0,0,0,0,0,363,0,0,0,0,0,0,0,0,0,0,0,0
2403,24,3,District 3,Congressional District,290358,1,2,0,174725,115348,0,0,0,0,0,0,0,285,0,0,0,0,0,0,0,0,0,0,0,0
2404,24,4,District 4,Congressional District,154229,1,2,0,138916,14922,0,0,0,0,0,0,0,391,0,0,0,0,0,0,0,0,0,0,0,0
2405,24,5,District 5,Congressional District,274099,1,2,0,180165,93497,0,0,0,0,0,0,0,437,0,0,0,0,0,0,0,0,0,0,0,0
2406,24,6,District 6,Congressional District,251235,1,2,0,136072,114844,0,0,0,0,0,0,0,319,0,0,0,0,0,0,0,0,0,0,0,0
2407,24,7,District 7,Congressional District,184801,1,2,0,151640,32737,0,0,0,0,0,0,0,424,0,0,0,0,0,0,0,0,0,0,0,0
2408,24,8,District 8,Congressional District,244017,1,2,0,194592,45402,0,3777,0,0,0,0,0,246,0,0,0,0,0,0,0,0,0,0,0,0
2501,25,1,District 1,Congressional District,0,0,0,0,153402,96499,0,0,0,0,0,0,0,0,0,0,0,0,0,0,0,0,0,0,0,0
2502,25,2,District 2,Congressional District,0,0,0,0,178472,91100,0,0,0,0,0,0,0,0,0,0,0,0,0,0,0,0,0,0,0,0
2503,25,3,District 3,Congressional District,0,0,0,0,145507,82628,0,0,0,0,0,0,0,0,0,0,0,0,0,0,0,0,0,0,0,0
2504,25,4,District 4,Congressional District,0,0,0,0,0,0,0,0,0,0,0,0,0,0,0,0,0,0,0,0,0,0,0,0,0,0
2505,25,5,District 5,Congressional District,0,0,0,0,198617,70694,0,0,0,0,0,0,0,0,0,0,0,0,0,0,0,0,0,0,0,0
2506,25,6,District 6,Congressional District,0,0,0,0,190062,107496,0,0,0,0,0,0,0,0,0,0,0,0,0,0,0,0,0,0,0,0
2507,25,7,District 7,Congressional District,0,0,0,0,144902,26481,0,0,0,0,0,0,0,0,0,0,0,0,0,0,0,0,0,0,0,0
2508,25,8,District 8,Congressional District,0,0,0,0,184084,80961,0,0,0,0,0,0,0,0,0,0,0,0,0,0,0,0,0,0,0,0
2509,25,9,District 9,Congressional District,0,0,0,0,193426,131936,0,0,0,0,0,0,0,0,0,0,0,0,0,0,0,0,0,0,0,0
2601,26,1,District 1,Congressional District,386653,2,1,0,144952,231652,0,4569,0,0,0,0,0,0,0,0,0,5480,0,0,0,0,0,0,0,0
2602,26,2,District 2,Congressional District,337620,2,1,0,115710,215092,0,6818,0,0,0,0,0,0,0,0,0,0,0,0,0,0,0,0,0,0
2603,26,3,District 3,Congressional District,339340,1,2,0,186109,142321,0,6718,0,0,0,0,0,0,0,0,0,4192,0,0,0,0,0,0,0,0
2604,26,4,District 4,Congressional District,334249,2,1,0,141147,182470,0,8427,0,2205,0,0,0,0,0,0,0,0,0,0,0,0,0,0,0,0
2605,26,5,District 5,Congressional District,312933,2,1,0,109176,195602,0,5060,0,3095,0,0,0,0,0,0,0,0,0,0,0,0,0,0,0,0
2606,26,6,District 6,Congressional District,366931,1,2,0,241763,125168,0,0,0,0,0,0,0,0,0,0,0,0,0,0,0,0,0,0,0,0
2607,26,7,District 7,Congressional District,372072,1,2,0,192251,172556,0,7265,0,0,0,0,0,0,0,0,0,0,0,0,0,0,0,0,0,0
2608,26,8,District 8,Congressional District,335820,1,2,0,178318,143845,0,4580,0,0,0,0,0,0,0,0,0,9077,0,0,0,0,0,0,0,0
2609,26,9,District 9,Congressional District,372900,2,1,0,123692,238289,0,4349,0,0,0,0,0,0,0,0,0,6570,0,0,0,0,0,0,0,0
2610,26,10,District 10,Congressional District,326234,2,1,0,157602,159203,0,3524,0,0,0,0,0,0,0,0,0,5905,0,0,0,0,0,0,0,0
2611,26,11,District 11,Congressional District,365392,1,2,0,224080,141312,0,0,0,0,0,0,0,0,0,0,0,0,0,0,0,0,0,0,0,0
2612,26,12,District 12,Congressional District,277536,1,2,0,196601,72889,0,0,0,0,0,0,0,0,0,0,0,8046,0,0,0,0,0,0,0,0
2613,26,13,District 13,Congressional District,233888,1,2,0,166203,56111,0,0,0,2763,0,0,0,0,0,0,0,8811,0,0,0,0,0,0,0,0
2701,27,1,District 1,Congressional District,296533,2,1,0,125450,159615,0,0,0,0,0,0,0,137,0,0,0,0,4942,6389,0,0,0,0,0,0
2702,27,2,District 2,Congressional District,325469,1,2,0,165582,148574,0,0,0,0,0,0,0,585,0,0,0,0,0,10728,0,0,0,0,0,0
2703,27,3,District 3,Congressional District,333918,1,2,0,198882,134795,0,0,0,0,0,0,0,241,0,0,0,0,0,0,0,0,0,0,0,0
2704,27,4,District 4,Congressional District,295968,1,2,0,200052,95491,0,0,0,0,0,0,0,425,0,0,0,0,0,0,0,0,0,0,0,0
2705,27,5,District 5,Congressional District,288193,1,2,0,214220,70699,0,0,0,0,0,0,0,3274,0,0,0,0,0,0,0,0,0,0,0,0
2706,27,6,District 6,Congressional District,319761,2,1,0,120847,198144,0,0,0,0,0,0,0,770,0,0,0,0,0,0,0,0,0,0,0,0
2707,27,7,District 7,Congressional District,305847,2,1,0,84447,204755,0,0,0,0,0,0,0,224,0,0,0,0,0,16421,0,0,0,0,0,0
2708,27,8,District 8,Congressional District,330085,2,1,0,141007,188761,0,0,0,0,0,0,0,317,0,0,0,0,0,0,0,0,0,0,0,0
2801,28,1,District 1,Congressional District,0,0,0,0,45222,122122,0,0,0,0,0,0,0,0,0,0,0,0,0,0,0,0,0,0,0,0
2802,28,2,District 2,Congressional District,0,0,0,0,107071,71380,0,0,0,0,0,0,0,0,0,0,0,0,0,0,0,0,0,0,0,0
2803,28,3,District 3,Congressional District,0,0,0,0,54422,132269,0,0,0,0,0,0,0,0,0,0,0,0,0,0,0,0,0,0,0,0
2804,28,4,District 4,Congressional District,0,0,0,0,42876,127813,0,0,0,0,0,0,0,0,0,0,0,0,0,0,0,0,0,0,0,0
2901,29,1,District 1,Congressional District,219780,1,2,0,160042,53572,0,6166,0,0,0,0,0,0,0,0,0,0,0,0,0,0,0,0,0,0
2902,29,2,District 2,Congressional District,315160,2,1,0,135639,173035,0,6486,0,0,0,0,0,0,0,0,0,0,0,0,0,0,0,0,0,0
2903,29,3,District 3,Congressional District,276823,2,1,0,96465,180358,0,0,0,0,0,0,0,0,0,0,0,0,0,0,0,0,0,0,0,0
2904,29,4,District 4,Congressional District,253785,2,1,0,66671,181023,0,6090,0,0,0,0,0,0,0,0,0,0,1,0,0,0,0,0,0,0
2905,29,5,District 5,Congressional District,229506,1,2,0,139882,83794,0,5830,0,0,0,0,0,0,0,0,0,0,0,0,0,0,0,0,0,0
2906,29,6,District 6,Congressional District,261754,2,1,0,71939,184070,0,5745,0,0,0,0,0,0,0,0,0,0,0,0,0,0,0,0,0,0
2907,29,7,District 7,Congressional District,250879,2,1,0,67082,177957,0,5839,0,0,0,0,0,0,0,0,0,0,1,0,0,0,0,0,0,0
2908,29,8,District 8,Congressional District,245095,2,1,0,53661,186259,0,5175,0,0,0,0,0,0,0,0,0,0,0,0,0,0,0,0,0,0
3001,30,1,District 1,Congressional District,247917,2,1,0,115265,123068,0,9584,0,0,0,0,0,0,0,0,0,0,0,0,0,0,0,0,0,0
3002,30,2,District 2,Congressional District,215658,3,1,2,43474,121973,47193,3018,0,0,0,0,0,0,0,0,0,0,0,0,0,0,0,0,0,0
3101,31,1,District 1,Congressional District,219542,2,1,0,91919,127623,0,0,0,0,0,0,0,0,0,0,0,0,0,0,0,0,0,0,0,0
3102,31,2,District 2,Congressional District,216256,2,1,0,104868,111388,0,0,0,0,0,0,0,0,0,0,0,0,0,0,0,0,0,0,0,0
3103,31,3,District 3,Congressional District,206670,2,1,0,34703,171967,0,0,0,0,0,0,0,0,0,0,0,0,0,0,0,0,0,0,0,0
3201,32,1,District 1,Congressional District,224349,1,2,0,115700,103115,0,5534,0,0,0,0,0,0,0,0,0,0,0,0,0,0,0,0,0,0
3202,32,2,District 2,Congressional District,310497,2,1,0,117370,185467,0,3466,0,0,0,0,0,0,4194,0,0,0,0,0,0,0,0,0,0,0
3203,32,3,District 3,Congressional District,252169,1,2,0,131086,121083,0,0,0,0,0,0,0,0,0,0,0,0,0,0,0,0,0,0,0,0
3204,32,4,District 4,Congressional District,222482,1,2,0,116614,105868,0,0,0,0,0,0,0,0,0,0,0,0,0,0,0,0,0,0,0,0
3301,33,1,District 1,Congressional District,309962,1,2,0,167391,142229,0,0,0,0,0,0,0,342,0,0,0,0,0,0,0,0,0,0,0,0
3302,33,2,District 2,Congressional District,307584,1,2,0,171636,135579,0,0,0,0,0,0,0,369,0,0,0,0,0,0,0,0,0,0,0,0
3401,34,1,District 1,Congressional District,218278,1,2,0,135599,77095,0,1492,0,0,0,0,0,223,0,0,0,0,618,3251,0,0,0,0,0,0
3402,34,2,District 2,Congressional District,210117,2,1,0,79362,128199,0,1668,0,0,0,0,0,82,0,0,0,0,806,0,0,0,0,0,0,0
3403,34,3,District 3,Congressional District,224187,1,2,0,123219,98897,0,1038,0,0,0,0,0,105,0,0,0,0,928,0,0,0,0,0,0,0
3404,34,4,District 4,Congressional District,254064,2,1,0,79183,170337,0,1857,0,0,0,0,0,195,0,0,0,0,424,1175,893,0,0,0,0,0
3405,34,5,District 5,Congressional District,259567,1,2,0,141039,115906,0,1170,0,0,0,0,0,157,0,0,0,0,689,606,0,0,0,0,0,0
3406,34,6,District 6,Congressional District,178334,1,2,0,101757,73675,0,1305,0,0,0,0,0,200,0,0,0,0,505,892,0,0,0,0,0,0
3407,34,7,District 7,Congressional District,296184,2,1,0,141034,154646,0,0,0,0,0,0,0,504,0,0,0,0,0,0,0,0,0,0,0,0
3408,34,8,District 8,Congressional District,100444,1,2,0,73417,23890,0,725,0,0,0,0,0,181,0,0,0,0,666,954,379,232,0,0,0,0
3409,34,9,District 9,Congressional District,144241,1,2,0,78465,63652,0,1011,0,0,0,0,0,76,0,0,0,0,1037,0,0,0,0,0,0,0
3410,34,10,District 10,Congressional District,120741,1,2,0,92895,24948,0,592,0,0,0,0,0,128,0,0,0,0,363,1815,0,0,0,0,0,0
3411,34,11,District 11,Congressional District,254796,1,2,0,147333,105251,0,2106,0,0,0,0,0,106,0,0,0,0,0,0,0,0,0,0,0,0
3412,34,12,District 12,Congressional District,155920,1,2,0,93773,60504,0,1484,0,0,0,0,0,159,0,0,0,0,0,0,0,0,0,0,0,0
3501,35,1,District 1,Congressional District,280523,1,2,0,156377,124108,0,0,0,0,0,0,0,0,0,0,0,0,38,0,0,0,0,0,0,0
3502,35,2,District 2,Congressional District,192641,1,2,0,96972,95635,0,0,0,0,0,0,0,0,0,0,0,0,34,0,0,0,0,0,0,0
3503,35,3,District 3,Congressional District,230754,1,2,0,134195,96559,0,0,0,0,0,0,0,0,0,0,0,0,0,0,0,0,0,0,0,0
3601,36,1,District 1,Congressional District,310472,2,1,0,136899,173275,0,0,0,0,0,0,0,298,0,0,0,0,0,0,0,0,0,0,0,0
3602,36,2,District 2,Congressional District,244169,2,1,0,95203,148649,0,0,0,0,0,0,0,317,0,0,0,0,0,0,0,0,0,0,0,0
3603,36,3,District 3,Congressional District,263302,2,1,0,120737,142472,0,0,0,0,0,0,0,93,0,0,0,0,0,0,0,0,0,0,0,0
3604,36,4,District 4,Congressional District,267680,2,1,0,128783,138831,0,0,0,0,0,0,0,66,0,0,0,0,0,0,0,0,0,0,0,0
3605,36,5,District 5,Congressional District,130528,1,2,0,97981,32393,0,0,0,0,0,0,0,154,0,0,0,0,0,0,0,0,0,0,0,0
3606,36,6,District 6,Congressional District,125811,1,2,0,79506,46188,0,0,0,0,0,0,0,117,0,0,0,0,0,0,0,0,0,0,0,0
3607,36,7,District 7,Congressional District,139326,1,2,0,111968,27142,0,0,0,0,0,0,0,216,0,0,0,0,0,0,0,0,0,0,0,0
3608,36,8,District 8,Congressional District,128954,1,2,0,93295,35486,0,0,0,0,0,0,0,173,0,0,0,0,0,0,0,0,0,0,0,0
3609,36,9,District 9,Congressional District,135645,1,0,0,111162,0,0,0,0,0,0,0,0,340,0,24143,0,0,0,0,0,0,0,0,0,0
3610,36,10,District 10,Congressional District,179032,1,2,0,149261,27230,0,0,0,0,0,0,0,1184,0,0,0,0,1357,0,0,0,0,0,0,0
3611,36,11,District 11,Congressional District,183021,2,1,0,69241,113485,0,0,0,0,0,0,0,295,0,0,0,0,0,0,0,0,0,0,0,0
3612,36,12,District 12,Congressional District,228586,1,2,0,186357,41264,0,0,0,0,0,0,0,382,0,0,0,0,583,0,0,0,0,0,0,0
3613,36,13,District 13,Congressional District,110217,1,0,0,109014,0,0,0,0,0,0,0,0,1203,0,0,0,0,0,0,0,0,0,0,0,0
3614,36,14,District 14,Congressional District,111798,1,2,0,78788,30661,0,0,0,0,0,0,0,221,0,2128,0,0,0,0,0,0,0,0,0,0
3615,36,15,District 15,Congressional District,88035,1,2,0,72610,15265,0,0,0,0,0,0,0,160,0,0,0,0,0,0,0,0,0,0,0,0
3616,36,16,District 16,Congressional District,204660,1,2,0,131185,73238,0,0,0,0,0,0,0,237,0,0,0,0,0,0,0,0,0,0,0,0
3617,36,17,District 17,Congressional District,280955,2,1,0,139082,141721,0,0,0,0,0,0,0,152,0,0,0,0,0,0,0,0,0,0,0,0
3618,36,18,District 18,Congressional District,261025,1,2,0,131474,129403,0,0,0,0,0,0,0,148,0,0,0,0,0,0,0,0,0,0,0,0
3619,36,19,District 19,Congressional District,278523,2,1,0,136071,142354,0,0,0,0,0,0,0,98,0,0,0,0,0,0,0,0,0,0,0,0
3620,36,20,District 20,Congressional District,287526,1,2,0,157913,129470,0,0,0,0,0,0,0,143,0,0,0,0,0,0,0,0,0,0,0,0
3621,36,21,District 21,Congressional District,278986,2,1,0,113255,165634,0,0,0,0,0,0,0,97,0,0,0,0,0,0,0,0,0,0,0,0
3622,36,22,District 22,Congressional District,261751,2,1,0,128837,132762,0,0,0,0,0,0,0,152,0,0,0,0,0,0,0,0,0,0,0,0
3623,36,23,District 23,Congressional District,290883,2,1,0,101643,189022,0,0,0,0,0,0,0,218,0,0,0,0,0,0,0,0,0,0,0,0
3624,36,24,District 24,Congressional District,269768,2,1,0,91703,177901,0,0,0,0,0,0,0,164,0,0,0,0,0,0,0,0,0,0,0,0
3625,36,25,District 25,Congressional District,277308,1,2,0,148681,128502,0,0,0,0,0,0,0,125,0,0,0,0,0,0,0,0,0,0,0,0
3626,36,26,District 26,Congressional District,239527,1,2,0,152576,86805,0,0,0,0,0,0,0,146,0,0,0,0,0,0,0,0,0,0,0,0
3701,37,1,District 1,Congressional District,257767,1,2,0,134987,122780,0,0,0,0,0,0,0,0,0,0,0,0,0,0,0,0,0,0,0,0
3702,37,2,District 2,Congressional District,294869,1,2,0,190714,104155,0,0,0,0,0,0,0,0,0,0,0,0,0,0,0,0,0,0,0,0
3703,37,3,District 3,Congressional District,248898,2,1,0,82378,166520,0,0,0,0,0,0,0,0,0,0,0,0,0,0,0,0,0,0,0,0
3704,37,4,District 4,Congressional District,291425,1,2,0,194983,96442,0,0,0,0,0,0,0,0,0,0,0,0,0,0,0,0,0,0,0,0
3705,37,5,District 5,Congressional District,277547,2,1,0,102268,175279,0,0,0,0,0,0,0,0,0,0,0,0,0,0,0,0,0,0,0,0
3706,37,6,District 6,Congressional District,258998,1,2,0,139553,116635,0,2810,0,0,0,0,0,0,0,0,0,0,0,0,0,0,0,0,0,0
3707,37,7,District 7,Congressional District,283929,2,1,0,120043,163886,0,0,0,0,0,0,0,0,0,0,0,0,0,0,0,0,0,0,0,0
3708,37,8,District 8,Congressional District,263190,2,1,0,79192,183998,0,0,0,0,0,0,0,0,0,0,0,0,0,0,0,0,0,0,0,0
3709,37,9,District 9,Congressional District,232642,2,1,0,101195,131447,0,0,0,0,0,0,0,0,0,0,0,0,0,0,0,0,0,0,0,0
3710,37,10,District 10,Congressional District,268097,2,1,0,73174,194681,0,0,0,0,0,0,0,242,0,0,0,0,0,0,0,0,0,0,0,0
3711,37,11,District 11,Congressional District,323903,2,1,0,144157,174231,0,5515,0,0,0,0,0,0,0,0,0,0,0,0,0,0,0,0,0,0
3712,37,12,District 12,Congressional District,223908,1,2,0,140494,83414,0,0,0,0,0,0,0,0,0,0,0,0,0,0,0,0,0,0,0,0
3713,37,13,District 13,Congressional District,277346,1,2,0,143090,134256,0,0,0,0,0,0,0,0,0,0,0,0,0,0,0,0,0,0,0,0
3714,37,14,District 14,Congressional District,257752,1,2,0,148738,109014,0,0,0,0,0,0,0,0,0,0,0,0,0,0,0,0,0,0,0,0
3801,38,1,At Large,Congressional District,237899,0,1,2,0,147980,89371,0,0,0,0,0,0,548,0,0,0,0,0,0,0,0,0,0,0,0
3901,39,1,District 1,Congressional District,288631,1,2,0,151418,137213,0,0,0,0,0,0,0,0,0,0,0,0,0,0,0,0,0,0,0,0
3902,39,2,District 2,Congressional District,252629,2,1,0,64329,188300,0,0,0,0,0,0,0,0,0,0,0,0,0,0,0,0,0,0,0,0
3903,39,3,District 3,Congressional District,249181,1,2,0,174846,74335,0,0,0,0,0,0,0,0,0,0,0,0,0,0,0,0,0,0,0,0
3904,39,4,District 4,Congressional District,284042,2,1,0,87144,196898,0,0,0,0,0,0,0,0,0,0,0,0,0,0,0,0,0,0,0,0
3905,39,5,District 5,Congressional District,274819,2,1,0,90614,184205,0,0,0,0,0,0,0,0,0,0,0,0,0,0,0,0,0,0,0,0
3906,39,6,District 6,Congressional District,276051,2,1,0,89086,186965,0,0,0,0,0,0,0,0,0,0,0,0,0,0,0,0,0,0,0,0
3907,39,7,District 7,Congressional District,297452,2,1,0,132548,164904,0,0,0,0,0,0,0,0,0,0,0,0,0,0,0,0,0,0,0,0
3908,39,8,District 8,Congressional District,272961,2,1,0,95829,177132,0,0,0,0,0,0,0,0,0,0,0,0,0,0,0,0,0,0,0,0
3909,39,9,District 9,Congressional District,260875,1,2,0,147512,113363,0,0,0,0,0,0,0,0,0,0,0,0,0,0,0,0,0,0,0,0
3910,39,10,District 10,Congressional District,260175,2,1,0,98383,161792,0,0,0,0,0,0,0,0,0,0,0,0,0,0,0,0,0,0,0,0
3911,39,11,District 11,Congressional District,209016,1,2,0,162154,46862,0,0,0,0,0,0,0,0,0,0,0,0,0,0,0,0,0,0,0,0
3912,39,12,District 12,Congressional District,269423,2,1,0,82101,187322,0,0,0,0,0,0,0,0,0,0,0,0,0,0,0,0,0,0,0,0
3913,39,13,District 13,Congressional District,278802,1,2,0,146621,132181,0,0,0,0,0,0,0,0,0,0,0,0,0,0,0,0,0,0,0,0
3914,39,14,District 14,Congressional District,291406,2,1,0,111155,180251,0,0,0,0,0,0,0,0,0,0,0,0,0,0,0,0,0,0,0,0
3915,39,15,District 15,Congressional District,244625,2,1,0,104613,140012,0,0,0,0,0,0,0,0,0,0,0,0,0,0,0,0,0,0,0,0
4001,40,1,District 1,Congressional District,233495,2,1,3,80974,142800,9721,0,0,0,0,0,0,0,0,0,0,0,0,0,0,0,0,0,0,0
4002,40,2,District 2,Congressional District,231672,2,1,3,54194,167843,9635,0,0,0,0,0,0,0,0,0,0,0,0,0,0,0,0,0,0,0
4003,40,3,District 3,Congressional District,197772,2,1,0,50354,147418,0,0,0,0,0,0,0,0,0,0,0,0,0,0,0,0,0,0,0,0
4004,40,4,District 4,Congressional District,224546,2,1,0,74667,149879,0,0,0,0,0,0,0,0,0,0,0,0,0,0,0,0,0,0,0,0
4005,40,5,District 5,Congressional District,258826,2,1,3,96799,152699,9328,0,0,0,0,0,0,0,0,0,0,0,0,0,0,0,0,0,0,0
4101,41,1,District 1,Congressional District,306670,1,2,0,208184,97904,0,0,0,0,0,0,0,582,0,0,0,0,0,0,0,0,0,0,0,0
4102,41,2,District 2,Congressional District,304822,2,1,0,98658,205734,0,0,0,0,0,0,0,430,0,0,0,0,0,0,0,0,0,0,0,0
4103,41,3,District 3,Congressional District,299146,1,2,0,209643,78197,0,0,10792,0,0,0,0,514,0,0,0,0,0,0,0,0,0,0,0,0
4104,41,4,District 4,Congressional District,334337,1,2,0,169279,143965,0,8847,5876,5903,0,0,0,467,0,0,0,0,0,0,0,0,0,0,0,0
4105,41,5,District 5,Congressional District,335639,2,1,0,164269,170481,0,0,0,0,0,0,0,889,0,0,0,0,0,0,0,0,0,0,0,0
4106,41,6,District 6,Congressional District,289391,1,2,0,144538,137727,0,0,0,6621,0,0,0,505,0,0,0,0,0,0,0,0,0,0,0,0
4201,42,1,District 1,Congressional District,366922,2,1,0,165514,201408,0,0,0,0,0,0,0,0,0,0,0,0,0,0,0,0,0,0,0,0
4202,42,2,District 2,Congressional District,182274,1,2,0,137348,44926,0,0,0,0,0,0,0,0,0,0,0,0,0,0,0,0,0,0,0,0
4203,42,3,District 3,Congressional District,255937,1,0,0,243665,0,0,0,0,0,0,0,0,0,0,0,0,0,12272,0,0,0,0,0,0,0
4204,42,4,District 4,Congressional District,363482,1,2,0,222114,141368,0,0,0,0,0,0,0,0,0,0,0,0,0,0,0,0,0,0,0,0
4205,42,5,District 5,Congressional District,311845,1,2,0,202271,109574,0,0,0,0,0,0,0,0,0,0,0,0,0,0,0,0,0,0,0,0
4206,42,6,District 6,Congressional District,325691,1,2,0,189782,135909,0,0,0,0,0,0,0,0,0,0,0,0,0,0,0,0,0,0,0,0
4207,42,7,District 7,Congressional District,296891,1,2,0,151364,145527,0,0,0,0,0,0,0,0,0,0,0,0,0,0,0,0,0,0,0,0
4208,42,8,District 8,Congressional District,283580,1,2,0,145359,138221,0,0,0,0,0,0,0,0,0,0,0,0,0,0,0,0,0,0,0,0
4209,42,9,District 9,Congressional District,300069,2,1,0,92076,207993,0,0,0,0,0,0,0,0,0,0,0,0,0,0,0,0,0,0,0,0
4210,42,10,District 10,Congressional District,312948,2,1,0,144152,168796,0,0,0,0,0,0,0,0,0,0,0,0,0,0,0,0,0,0,0,0
4211,42,11,District 11,Congressional District,315469,2,1,0,121080,194389,0,0,0,0,0,0,0,0,0,0,0,0,0,0,0,0,0,0,0,0
4212,42,12,District 12,Congressional District,324346,1,2,0,181281,143065,0,0,0,0,0,0,0,0,0,0,0,0,0,0,0,0,0,0,0,0
4213,42,13,District 13,Congressional District,260173,0,1,0,0,260173,0,0,0,0,0,0,0,0,0,0,0,0,0,0,0,0,0,0,0,0
4214,42,14,District 14,Congressional District,230461,0,1,0,0,230461,0,0,0,0,0,0,0,0,0,0,0,0,0,0,0,0,0,0,0,0
4215,42,15,District 15,Congressional District,304563,2,1,0,91325,213238,0,0,0,0,0,0,0,0,0,0,0,0,0,0,0,0,0,0,0,0
4216,42,16,District 16,Congressional District,319994,2,1,0,129972,190022,0,0,0,0,0,0,0,0,0,0,0,0,0,0,0,0,0,0,0,0
4217,42,17,District 17,Congressional District,358824,1,2,0,190763,168061,0,0,0,0,0,0,0,0,0,0,0,0,0,0,0,0,0,0,0,0
4401,44,1,District 1,Congressional District,156517,1,2,0,100131,56025,0,0,0,0,0,0,0,361,0,0,0,0,0,0,0,0,0,0,0,0
4402,44,2,District 2,Congressional District,200835,1,2,3,101228,93923,5485,0,0,0,0,0,0,199,0,0,0,0,0,0,0,0,0,0,0,0
4501,45,1,District 1,Congressional District,272681,2,1,0,115796,153757,0,0,0,0,0,0,0,494,0,0,0,0,2634,0,0,0,0,0,0,0
4502,45,2,District 2,Congressional District,246126,2,1,0,98081,147699,0,0,0,0,0,0,0,346,0,0,0,0,0,0,0,0,0,0,0,0
4503,45,3,District 3,Congressional District,194569,0,1,0,0,189971,0,0,0,0,0,0,0,4598,0,0,0,0,0,0,0,0,0,0,0,0
4504,45,4,District 4,Congressional District,182365,0,1,0,0,165607,0,0,0,0,0,0,0,16758,0,0,0,0,0,0,0,0,0,0,0,0
4505,45,5,District 5,Congressional District,241707,2,1,0,83299,154725,0,0,3547,0,0,0,0,136,0,0,0,0,0,0,0,0,0,0,0,0
4506,45,6,District 6,Congressional District,211028,1,2,0,130923,79879,0,0,0,0,0,0,0,226,0,0,0,0,0,0,0,0,0,0,0,0
4507,45,7,District 7,Congressional District,253865,2,1,0,89030,164440,0,0,0,0,0,0,0,395,0,0,0,0,0,0,0,0,0,0,0,0
4601,46,1,At Large,Congressional District,327841,0,1,0,0,253821,0,74020,0,0,0,0,0,0,0,0,0,0,0,0,0,0,0,0,0,0
4701,47,1,District 1,Congressional District,187896,2,1,0,37032,147153,0,0,0,0,0,0,0,0,0,0,0,0,2466,1245,0,0,0,0,0,0
4702,47,2,District 2,Congressional District,207678,2,1,0,66637,141041,0,0,0,0,0,0,0,0,0,0,0,0,0,0,0,0,0,0,0,0
4703,47,3,District 3,Congressional District,199005,2,1,0,60230,135934,0,0,0,0,0,0,0,0,0,0,0,0,1116,1725,0,0,0,0,0,0
4704,47,4,District 4,Congressional District,173348,2,1,0,44628,122336,0,0,0,0,0,0,0,0,0,0,0,0,1804,584,708,454,2834,0,0,0
4705,47,5,District 5,Congressional District,220787,2,1,0,93375,123358,0,0,0,0,0,0,0,0,0,0,0,0,2083,1125,846,0,0,0,0,0
4706,47,6,District 6,Congressional District,194909,2,1,0,65598,129311,0,0,0,0,0,0,0,0,0,0,0,0,0,0,0,0,0,0,0,0
4707,47,7,District 7,Congressional District,180678,2,1,0,68897,108358,0,0,0,0,0,0,0,0,0,0,0,0,3423,0,0,0,0,0,0,0
4708,47,8,District 8,Congressional District,210250,2,1,0,51083,155556,0,0,0,0,0,0,0,0,0,0,0,0,2541,1070,0,0,0,0,0,0
4709,47,9,District 9,Congressional District,133859,1,2,0,93755,35112,0,0,0,0,0,0,0,0,0,0,0,0,1160,484,3348,0,0,0,0,0
4801,48,1,District 1,Congressional District,234293,2,1,0,51288,183005,0,0,0,0,0,0,0,0,0,0,0,0,0,0,0,0,0,0,0,0
4802,48,2,District 2,Congressional District,229585,2,1,0,78216,151369,0,0,0,0,0,0,0,0,0,0,0,0,0,0,0,0,0,0,0,0
4803,48,3,District 3,Congressional District,270577,2,1,0,99758,163929,0,6890,0,0,0,0,0,0,0,0,0,0,0,0,0,0,0,0,0,0
4804,48,4,District 4,Congressional District,255366,2,1,0,78865,170466,0,6035,0,0,0,0,0,0,0,0,0,0,0,0,0,0,0,0,0,0
4805,48,5,District 5,Congressional District,212196,2,1,0,71770,135987,0,4297,0,0,0,0,0,0,0,0,0,0,142,0,0,0,0,0,0,0
4806,48,6,District 6,Congressional District,149107,0,1,0,0,149107,0,0,0,0,0,0,0,0,0,0,0,0,0,0,0,0,0,0,0,0
4807,48,7,District 7,Congressional District,180983,1,2,0,115390,65593,0,0,0,0,0,0,0,0,0,0,0,0,0,0,0,0,0,0,0,0
4808,48,8,District 8,Congressional District,224398,2,1,0,68485,152797,0,3116,0,0,0,0,0,0,0,0,0,0,0,0,0,0,0,0,0,0
4809,48,9,District 9,Congressional District,162912,1,2,0,124893,38019,0,0,0,0,0,0,0,0,0,0,0,0,0,0,0,0,0,0,0,0
4810,48,10,District 10,Congressional District,250958,2,1,0,86123,158784,0,6051,0,0,0,0,0,0,0,0,0,0,0,0,0,0,0,0,0,0
4811,48,11,District 11,Congressional District,145024,0,1,0,0,145024,0,0,0,0,0,0,0,0,0,0,0,0,0,0,0,0,0,0,0,0
4812,48,12,District 12,Congressional District,237611,2,1,0,84879,152732,0,0,0,0,0,0,0,0,0,0,0,0,0,0,0,0,0,0,0,0
4813,48,13,District 13,Congressional District,214301,2,1,0,52739,161562,0,0,0,0,0,0,0,0,0,0,0,0,0,0,0,0,0,0,0,0
4814,48,14,District 14,Congressional District,217703,2,1,0,68386,149317,0,0,0,0,0,0,0,0,0,0,0,0,0,0,0,0,0,0,0,0
4815,48,15,District 15,Congressional District,151590,2,1,0,67913,80869,0,2808,0,0,0,0,0,0,0,0,0,0,0,0,0,0,0,0,0,0
4816,48,16,District 16,Congressional District,148963,1,2,0,94266,54697,0,0,0,0,0,0,0,0,0,0,0,0,0,0,0,0,0,0,0,0
4817,48,17,District 17,Congressional District,216830,2,1,0,72647,144183,0,0,0,0,0,0,0,0,0,0,0,0,0,0,0,0,0,0,0,0
4818,48,18,District 18,Congressional District,155526,1,2,3,109968,40761,2753,2044,0,0,0,0,0,0,0,0,0,0,0,0,0,0,0,0,0,0
4819,48,19,District 19,Congressional District,189200,0,1,2,0,152042,37158,0,0,0,0,0,0,0,0,0,0,0,0,0,0,0,0,0,0,0
4820,48,20,District 20,Congressional District,167899,1,2,0,114822,53059,0,0,0,0,0,0,0,0,0,0,0,0,18,0,0,0,0,0,0,0
4821,48,21,District 21,Congressional District,328722,2,1,0,121936,206786,0,0,0,0,0,0,0,0,0,0,0,0,0,0,0,0,0,0,0,0
4822,48,22,District 22,Congressional District,240799,2,1,0,85440,149757,0,5362,0,0,0,0,0,0,0,0,0,0,240,0,0,0,0,0,0,0
4823,48,23,District 23,Congressional District,207725,2,1,3,80430,116172,11123,0,0,0,0,0,0,0,0,0,0,0,0,0,0,0,0,0,0,0
4824,48,24,District 24,Congressional District,296218,2,1,0,119097,177121,0,0,0,0,0,0,0,0,0,0,0,0,0,0,0,0,0,0,0,0
4825,48,25,District 25,Congressional District,184850,0,1,0,0,184850,0,0,0,0,0,0,0,0,0,0,0,0,0,0,0,0,0,0,0,0
4826,48,26,District 26,Congressional District,264587,0,1,0,0,183379,0,81208,0,0,0,0,0,0,0,0,0,0,0,0,0,0,0,0,0,0
4827,48,27,District 27,Congressional District,206656,2,1,0,73370,133286,0,0,0,0,0,0,0,0,0,0,0,0,0,0,0,0,0,0,0,0
4828,48,28,District 28,Congressional District,164957,1,2,0,93393,71564,0,0,0,0,0,0,0,0,0,0,0,0,0,0,0,0,0,0,0,0
4829,48,29,District 29,Congressional District,100014,1,2,0,71379,28635,0,0,0,0,0,0,0,0,0,0,0,0,0,0,0,0,0,0,0,0
4830,48,30,District 30,Congressional District,179154,1,2,3,134011,39022,3807,1862,0,0,0,0,0,0,0,0,0,0,452,0,0,0,0,0,0,0
4831,48,31,District 31,Congressional District,182704,0,1,0,0,182704,0,0,0,0,0,0,0,0,0,0,0,0,0,0,0,0,0,0,0,0
4832,48,32,District 32,Congressional District,176582,1,2,0,115350,61232,0,0,0,0,0,0,0,0,0,0,0,0,0,0,0,0,0,0,0,0
4833,48,33,District 33,Congressional District,113599,1,2,0,81764,29099,0,2736,0,0,0,0,0,0,0,0,0,0,0,0,0,0,0,0,0,0
4834,48,34,District 34,Congressional District,134239,1,2,3,70759,59404,4076,0,0,0,0,0,0,0,0,0,0,0,0,0,0,0,0,0,0,0
4835,48,35,District 35,Congressional District,177915,1,2,0,129084,48831,0,0,0,0,0,0,0,0,0,0,0,0,0,0,0,0,0,0,0,0
4836,48,36,District 36,Congressional District,208839,2,1,0,63697,145142,0,0,0,0,0,0,0,0,0,0,0,0,0,0,0,0,0,0,0,0
4837,48,37,District 37,Congressional District,285398,1,2,0,219149,59879,0,6329,0,0,0,0,0,0,0,0,0,0,41,0,0,0,0,0,0,0
4838,48,38,District 38,Congressional District,258713,2,1,3,91768,162992,3953,0,0,0,0,0,0,0,0,0,0,0,0,0,0,0,0,0,0,0
4901,49,1,District 1,Congressional District,262675,2,1,0,86371,176304,0,0,0,0,0,0,0,0,0,0,0,0,0,0,0,0,0,0,0,0
4902,49,2,District 2,Congressional District,257588,2,1,0,87238,154195,0,0,0,7591,0,0,0,0,0,0,0,0,8564,0,0,0,0,0,0,0
4903,49,3,District 3,Congressional District,281026,2,1,0,82865,181141,0,8210,0,4822,0,0,0,0,3988,0,0,0,0,0,0,0,0,0,0,0
4904,49,4,District 4,Congressional District,251423,2,1,0,81462,153373,0,0,0,0,0,0,0,0,0,0,0,0,16563,25,0,0,0,0,0,0
5001,50,1,At Large,Congressional District,282026,1,2,0,176494,78397,0,12589,0,0,0,0,0,1005,0,0,0,0,5737,3376,4428,0,0,0,0,0
5101,51,1,District 1,Congressional District,342387,2,1,3,146804,191947,3392,0,0,0,0,0,0,244,0,0,0,0,0,0,0,0,0,0,0,0
5102,51,2,District 2,Congressional District,296957,2,1,0,143196,153314,0,0,0,0,0,0,0,447,0,0,0,0,0,0,0,0,0,0,0,0
5103,51,3,District 3,Congressional District,207077,1,2,0,139030,67511,0,0,0,0,0,0,0,536,0,0,0,0,0,0,0,0,0,0,0,0
5104,51,4,District 4,Congressional District,241993,1,2,0,156436,85180,0,0,0,0,0,0,0,377,0,0,0,0,0,0,0,0,0,0,0,0
5105,51,5,District 5,Congressional District,305353,2,1,0,128468,176273,0,0,0,0,0,0,0,612,0,0,0,0,0,0,0,0,0,0,0,0
5106,51,6,District 6,Congressional District,269230,2,1,0,95406,173352,0,0,0,0,0,0,0,472,0,0,0,0,0,0,0,0,0,0,0,0
5107,51,7,District 7,Congressional District,274497,1,2,0,143315,130535,0,0,0,0,0,0,0,647,0,0,0,0,0,0,0,0,0,0,0,0
5108,51,8,District 8,Congressional District,267726,1,2,3,196827,66346,4047,0,0,0,0,0,0,506,0,0,0,0,0,0,0,0,0,0,0,0
5109,51,9,District 9,Congressional District,248660,2,1,0,65954,182142,0,0,0,0,0,0,0,564,0,0,0,0,0,0,0,0,0,0,0,0
5110,51,10,District 10,Congressional District,296133,1,2,0,157398,138158,0,0,0,0,0,0,0,577,0,0,0,0,0,0,0,0,0,0,0,0
5111,51,11,District 11,Congressional District,289676,1,2,0,193190,95634,0,0,0,0,0,0,0,852,0,0,0,0,0,0,0,0,0,0,0,0
5301,53,1,District 1,Congressional District,285553,1,2,0,181221,103973,0,0,0,0,0,0,0,359,0,0,0,0,0,0,0,0,0,0,0,0
5302,53,2,District 2,Congressional District,334947,1,2,0,201392,132967,0,0,0,0,0,0,0,588,0,0,0,0,0,0,0,0,0,0,0,0
5303,53,3,District 3,Congressional District,317716,1,2,0,159408,156531,0,0,0,0,0,0,0,1777,0,0,0,0,0,0,0,0,0,0,0,0
5304,53,4,District 4,Congressional District,223956,2,1,0,69687,149030,0,0,0,0,0,0,0,5239,0,0,0,0,0,0,0,0,0,0,0,0
5305,53,5,District 5,Congressional District,300233,2,1,0,121047,178482,0,0,0,0,0,0,0,704,0,0,0,0,0,0,0,0,0,0,0,0
5306,53,6,District 6,Congressional District,344928,1,2,0,207062,137460,0,0,0,0,0,0,0,406,0,0,0,0,0,0,0,0,0,0,0,0
5307,53,7,District 7,Congressional District,344842,1,2,0,294457,48976,0,0,0,0,0,0,0,1409,0,0,0,0,0,0,0,0,0,0,0,0
5308,53,8,District 8,Congressional District,334238,1,2,0,177979,155218,0,0,0,0,0,0,0,1041,0,0,0,0,0,0,0,0,0,0,0,0
5309,53,9,District 9,Congressional District,238823,1,2,0,171022,67345,0,0,0,0,0,0,0,456,0,0,0,0,0,0,0,0,0,0,0,0
5310,53,10,District 10,Congressional District,260130,1,2,0,147970,111750,0,0,0,0,0,0,0,410,0,0,0,0,0,0,0,0,0,0,0,0
5401,54,1,District 1,Congressional District,227196,2,1,3,65428,151511,10257,0,0,0,0,0,0,0,0,0,0,0,0,0,0,0,0,0,0,0
5402,54,2,District 2,Congressional District,244771,2,1,0,84278,160493,0,0,0,0,0,0,0,0,0,0,0,0,0,0,0,0,0,0,0,0
5501,55,1,District 1,Congressional District,300782,2,1,0,135788,162562,0,0,0,0,0,0,0,185,0,0,0,0,2247,0,0,0,0,0,0,0
5502,55,2,District 2,Congressional District,378425,1,2,3,268661,101855,7682,0,0,0,0,0,0,227,0,0,0,0,0,0,0,0,0,0,0,0
5503,55,3,District 3,Congressional District,312502,2,1,0,149804,162492,0,0,0,0,0,0,0,206,0,0,0,0,0,0,0,0,0,0,0,0
5504,55,4,District 4,Congressional District,301778,1,2,3,192226,57660,51659,0,0,0,0,0,0,233,0,0,0,0,0,0,0,0,0,0,0,0
5505,55,5,District 5,Congressional District,378556,2,1,0,134558,243718,0,0,0,0,0,0,0,280,0,0,0,0,0,0,0,0,0,0,0,0
5506,55,6,District 6,Congressional District,253091,0,1,0,0,239217,0,0,0,0,0,0,0,13874,0,0,0,0,0,0,0,0,0,0,0,0
5507,55,7,District 7,Congressional District,338303,2,1,0,128879,209269,0,0,0,0,0,0,0,155,0,0,0,0,0,0,0,0,0,0,0,0
5508,55,8,District 8,Congressional District,309658,0,1,2,0,223779,48717,32021,0,0,0,0,0,5141,0,0,0,0,0,0,0,0,0,0,0,0
5601,56,1,At Large,Congressional District,193857,2,1,0,47241,132172,0,5420,0,4503,0,0,0,4521,0,0,0,0,0,0,0,0,0,0,0,0